-- phpMyAdmin SQL Dump
-- version 5.2.1
-- https://www.phpmyadmin.net/
--
-- Host: 127.0.0.1
-- Generation Time: Jan 08, 2024 at 07:57 AM
-- Server version: 10.4.28-MariaDB
-- PHP Version: 8.2.4

SET SQL_MODE = "NO_AUTO_VALUE_ON_ZERO";
START TRANSACTION;
SET time_zone = "+00:00";


/*!40101 SET @OLD_CHARACTER_SET_CLIENT=@@CHARACTER_SET_CLIENT */;
/*!40101 SET @OLD_CHARACTER_SET_RESULTS=@@CHARACTER_SET_RESULTS */;
/*!40101 SET @OLD_COLLATION_CONNECTION=@@COLLATION_CONNECTION */;
/*!40101 SET NAMES utf8mb4 */;

--
-- Database: `vhc_management_system`
--

-- --------------------------------------------------------

--
-- Table structure for table `drivers`
--

CREATE TABLE `drivers` (
  `id` bigint(20) UNSIGNED NOT NULL,
  `nama_driver` varchar(255) NOT NULL,
  `sim` varchar(255) NOT NULL,
  `created_at` timestamp NULL DEFAULT NULL,
  `updated_at` timestamp NULL DEFAULT NULL
) ENGINE=InnoDB DEFAULT CHARSET=utf8mb4 COLLATE=utf8mb4_unicode_ci;

--
-- Dumping data for table `drivers`
--

INSERT INTO `drivers` (`id`, `nama_driver`, `sim`, `created_at`, `updated_at`) VALUES
(1, 'Brody Kassulke MD', 'SIM B', '2024-01-06 03:43:12', '2024-01-06 03:43:12'),
(2, 'Quentin Luettgen', 'SIM B', '2024-01-06 03:43:12', '2024-01-06 03:43:12'),
(3, 'Delilah Kuhic', 'SIM B', '2024-01-06 03:43:12', '2024-01-06 03:43:12'),
(4, 'Prof. Alessia Metz DVM', 'SIM B', '2024-01-06 03:43:12', '2024-01-06 03:43:12'),
(5, 'Rozella Turner', 'SIM B', '2024-01-06 03:43:12', '2024-01-06 03:43:12'),
(6, 'Izabella Vandervort', 'SIM B', '2024-01-06 03:43:12', '2024-01-06 03:43:12'),
(7, 'Gilbert Schuppe', 'SIM B', '2024-01-06 03:43:12', '2024-01-06 03:43:12'),
(8, 'Patience Cole', 'SIM B', '2024-01-06 03:43:12', '2024-01-06 03:43:12'),
(9, 'Arvilla Spencer', 'SIM B', '2024-01-06 03:43:12', '2024-01-06 03:43:12'),
(10, 'Ruthie Glover', 'SIM B', '2024-01-06 03:43:12', '2024-01-06 03:43:12'),
(11, 'Abdul Kshlerin Sr.', 'SIM B', '2024-01-06 03:43:12', '2024-01-06 03:43:12'),
(12, 'Francisco Nienow', 'SIM B', '2024-01-06 03:43:12', '2024-01-06 03:43:12'),
(13, 'Kennedi Schultz', 'SIM B', '2024-01-06 03:43:12', '2024-01-06 03:43:12'),
(14, 'Providenci Kerluke I', 'SIM B', '2024-01-06 03:43:12', '2024-01-06 03:43:12'),
(15, 'Kiana Okuneva', 'SIM B', '2024-01-06 03:43:12', '2024-01-06 03:43:12'),
(16, 'Arno Kassulke', 'SIM B', '2024-01-06 03:43:12', '2024-01-06 03:43:12'),
(17, 'Dr. Neoma Lowe', 'SIM B', '2024-01-06 03:43:12', '2024-01-06 03:43:12'),
(18, 'Prof. Roderick Funk', 'SIM B', '2024-01-06 03:43:12', '2024-01-06 03:43:12'),
(19, 'Jeanie Douglas', 'SIM B', '2024-01-06 03:43:12', '2024-01-06 03:43:12'),
(20, 'Rollin Pacocha I', 'SIM B', '2024-01-06 03:43:12', '2024-01-06 03:43:12'),
(21, 'Prof. Jimmy Carroll I', 'SIM B', '2024-01-06 03:43:12', '2024-01-06 03:43:12'),
(22, 'Lina Heaney', 'SIM B', '2024-01-06 03:43:12', '2024-01-06 03:43:12'),
(23, 'Guido Dicki', 'SIM B', '2024-01-06 03:43:12', '2024-01-06 03:43:12'),
(24, 'Leonora Langosh', 'SIM B', '2024-01-06 03:43:12', '2024-01-06 03:43:12'),
(25, 'Margie Brekke', 'SIM B', '2024-01-06 03:43:12', '2024-01-06 03:43:12'),
(26, 'Prof. Taylor Schiller DVM', 'SIM B', '2024-01-06 03:43:12', '2024-01-06 03:43:12'),
(27, 'Wilfred Moore', 'SIM B', '2024-01-06 03:43:12', '2024-01-06 03:43:12'),
(28, 'Marguerite Wilkinson Jr.', 'SIM B', '2024-01-06 03:43:12', '2024-01-06 03:43:12'),
(29, 'Ms. Henriette Cummings V', 'SIM B', '2024-01-06 03:43:12', '2024-01-06 03:43:12'),
(30, 'Dr. Nicolette Quigley', 'SIM B', '2024-01-06 03:43:12', '2024-01-06 03:43:12'),
(31, 'Vernice Jerde', 'SIM B', '2024-01-06 03:43:12', '2024-01-06 03:43:12'),
(32, 'Sophie Hansen', 'SIM B', '2024-01-06 03:43:12', '2024-01-06 03:43:12'),
(33, 'Mrs. Heather Mertz Sr.', 'SIM B', '2024-01-06 03:43:12', '2024-01-06 03:43:12'),
(34, 'Hayden McGlynn', 'SIM B', '2024-01-06 03:43:12', '2024-01-06 03:43:12'),
(35, 'Orin Greenfelder', 'SIM B', '2024-01-06 03:43:12', '2024-01-06 03:43:12'),
(36, 'Osborne Zboncak MD', 'SIM B', '2024-01-06 03:43:12', '2024-01-06 03:43:12'),
(37, 'Cali Donnelly', 'SIM B', '2024-01-06 03:43:12', '2024-01-06 03:43:12'),
(38, 'Dr. Jakayla Quigley DDS', 'SIM B', '2024-01-06 03:43:12', '2024-01-06 03:43:12'),
(39, 'Baby Bradtke', 'SIM B', '2024-01-06 03:43:12', '2024-01-06 03:43:12'),
(40, 'Josefina Legros', 'SIM B', '2024-01-06 03:43:12', '2024-01-06 03:43:12'),
(41, 'Prof. Brett Skiles MD', 'SIM B', '2024-01-06 03:43:12', '2024-01-06 03:43:12'),
(42, 'D\'angelo Bruen', 'SIM B', '2024-01-06 03:43:12', '2024-01-06 03:43:12'),
(43, 'Damien Langworth', 'SIM B', '2024-01-06 03:43:12', '2024-01-06 03:43:12'),
(44, 'Dr. Price Satterfield IV', 'SIM B', '2024-01-06 03:43:12', '2024-01-06 03:43:12'),
(45, 'Nicolette Rutherford', 'SIM B', '2024-01-06 03:43:12', '2024-01-06 03:43:12'),
(46, 'Archibald Williamson', 'SIM B', '2024-01-06 03:43:12', '2024-01-06 03:43:12'),
(47, 'John Bayer', 'SIM B', '2024-01-06 03:43:12', '2024-01-06 03:43:12'),
(48, 'Mariano Maggio V', 'SIM B', '2024-01-06 03:43:12', '2024-01-06 03:43:12'),
(49, 'Jermain Nikolaus', 'SIM B', '2024-01-06 03:43:12', '2024-01-06 03:43:12'),
(50, 'Dan Zieme', 'SIM B', '2024-01-06 03:43:12', '2024-01-06 03:43:12'),
(51, 'Tommie Trantow', 'SIM B', '2024-01-06 03:43:12', '2024-01-06 03:43:12'),
(52, 'Mr. Julian Goldner', 'SIM B', '2024-01-06 03:43:12', '2024-01-06 03:43:12'),
(53, 'Orin Buckridge', 'SIM B', '2024-01-06 03:43:12', '2024-01-06 03:43:12'),
(54, 'Johnpaul Stanton', 'SIM B', '2024-01-06 03:43:12', '2024-01-06 03:43:12'),
(55, 'Miss Vida Waters DDS', 'SIM B', '2024-01-06 03:43:12', '2024-01-06 03:43:12'),
(56, 'Kiarra Stracke', 'SIM B', '2024-01-06 03:43:12', '2024-01-06 03:43:12'),
(57, 'Miss Isabella Raynor', 'SIM B', '2024-01-06 03:43:12', '2024-01-06 03:43:12'),
(58, 'Madisyn Reynolds', 'SIM B', '2024-01-06 03:43:12', '2024-01-06 03:43:12'),
(59, 'Rosa Willms DDS', 'SIM B', '2024-01-06 03:43:12', '2024-01-06 03:43:12'),
(60, 'Mr. Kendall O\'Keefe', 'SIM B', '2024-01-06 03:43:12', '2024-01-06 03:43:12'),
(61, 'Daisy Hettinger', 'SIM B', '2024-01-06 03:43:12', '2024-01-06 03:43:12'),
(62, 'Kade Schamberger', 'SIM B', '2024-01-06 03:43:12', '2024-01-06 03:43:12'),
(63, 'Kavon Wisozk', 'SIM B', '2024-01-06 03:43:12', '2024-01-06 03:43:12'),
(64, 'Cole Upton', 'SIM B', '2024-01-06 03:43:12', '2024-01-06 03:43:12'),
(65, 'Mrs. Brenda Lowe', 'SIM B', '2024-01-06 03:43:12', '2024-01-06 03:43:12'),
(66, 'Blaise Breitenberg III', 'SIM B', '2024-01-06 03:43:12', '2024-01-06 03:43:12'),
(67, 'Eleanore Abshire', 'SIM B', '2024-01-06 03:43:12', '2024-01-06 03:43:12'),
(68, 'Norval Lebsack', 'SIM B', '2024-01-06 03:43:12', '2024-01-06 03:43:12'),
(69, 'Terrill Turner', 'SIM B', '2024-01-06 03:43:12', '2024-01-06 03:43:12'),
(70, 'Carley King', 'SIM B', '2024-01-06 03:43:12', '2024-01-06 03:43:12'),
(71, 'Terry Parker', 'SIM B', '2024-01-06 03:43:12', '2024-01-06 03:43:12'),
(72, 'Julia Metz', 'SIM B', '2024-01-06 03:43:12', '2024-01-06 03:43:12'),
(73, 'Eda Harber', 'SIM B', '2024-01-06 03:43:12', '2024-01-06 03:43:12'),
(74, 'Keely Hettinger', 'SIM B', '2024-01-06 03:43:12', '2024-01-06 03:43:12'),
(75, 'Miss Ivah Gottlieb', 'SIM B', '2024-01-06 03:43:12', '2024-01-06 03:43:12'),
(76, 'Prof. Olin Kassulke IV', 'SIM B', '2024-01-06 03:43:12', '2024-01-06 03:43:12'),
(77, 'Daphnee Schuppe', 'SIM B', '2024-01-06 03:43:12', '2024-01-06 03:43:12'),
(78, 'Casey Eichmann', 'SIM B', '2024-01-06 03:43:12', '2024-01-06 03:43:12'),
(79, 'Arnold Runolfsson', 'SIM B', '2024-01-06 03:43:12', '2024-01-06 03:43:12'),
(80, 'Izaiah Kiehn', 'SIM B', '2024-01-06 03:43:12', '2024-01-06 03:43:12'),
(81, 'Mr. Lance Hoeger III', 'SIM B', '2024-01-06 03:43:12', '2024-01-06 03:43:12'),
(82, 'Willie Quigley Sr.', 'SIM B', '2024-01-06 03:43:12', '2024-01-06 03:43:12'),
(83, 'Krystal Cormier', 'SIM B', '2024-01-06 03:43:12', '2024-01-06 03:43:12'),
(84, 'Juvenal Beahan', 'SIM B', '2024-01-06 03:43:12', '2024-01-06 03:43:12'),
(85, 'Trisha Carroll', 'SIM B', '2024-01-06 03:43:12', '2024-01-06 03:43:12'),
(86, 'Mrs. Monique Halvorson MD', 'SIM B', '2024-01-06 03:43:12', '2024-01-06 03:43:12'),
(87, 'Al Heidenreich', 'SIM B', '2024-01-06 03:43:12', '2024-01-06 03:43:12'),
(88, 'Mrs. Amanda Toy', 'SIM B', '2024-01-06 03:43:12', '2024-01-06 03:43:12'),
(89, 'Mr. Kamren O\'Hara Sr.', 'SIM B', '2024-01-06 03:43:12', '2024-01-06 03:43:12'),
(90, 'Helen Sporer II', 'SIM B', '2024-01-06 03:43:12', '2024-01-06 03:43:12'),
(91, 'Nicolette Towne', 'SIM B', '2024-01-06 03:43:12', '2024-01-06 03:43:12'),
(92, 'Lucile Schroeder', 'SIM B', '2024-01-06 03:43:12', '2024-01-06 03:43:12'),
(93, 'Karianne Wuckert', 'SIM B', '2024-01-06 03:43:12', '2024-01-06 03:43:12'),
(94, 'Chadd Grimes', 'SIM B', '2024-01-06 03:43:12', '2024-01-06 03:43:12'),
(95, 'Deanna Swaniawski', 'SIM B', '2024-01-06 03:43:12', '2024-01-06 03:43:12'),
(96, 'Prof. Tania Kuvalis Sr.', 'SIM B', '2024-01-06 03:43:12', '2024-01-06 03:43:12'),
(97, 'Liliane Kris IV', 'SIM B', '2024-01-06 03:43:12', '2024-01-06 03:43:12'),
(98, 'Emiliano Labadie', 'SIM B', '2024-01-06 03:43:12', '2024-01-06 03:43:12'),
(99, 'Dr. Shaylee Dibbert', 'SIM B', '2024-01-06 03:43:12', '2024-01-06 03:43:12'),
(100, 'Adolfo Willms', 'SIM B', '2024-01-06 03:43:12', '2024-01-06 03:43:12'),
(101, 'Esther Davis', 'SIM B', '2024-01-06 03:43:12', '2024-01-06 03:43:12'),
(102, 'Ruth Dietrich', 'SIM B', '2024-01-06 03:43:12', '2024-01-06 03:43:12'),
(103, 'Lauretta Kemmer', 'SIM B', '2024-01-06 03:43:12', '2024-01-06 03:43:12'),
(104, 'Prof. Chaz Wyman II', 'SIM B', '2024-01-06 03:43:12', '2024-01-06 03:43:12'),
(105, 'Eva Tremblay', 'SIM B', '2024-01-06 03:43:12', '2024-01-06 03:43:12'),
(106, 'Tia Murray', 'SIM B', '2024-01-06 03:43:12', '2024-01-06 03:43:12'),
(107, 'Ryann Hahn', 'SIM B', '2024-01-06 03:43:12', '2024-01-06 03:43:12'),
(108, 'Prof. Damian Spinka', 'SIM B', '2024-01-06 03:43:12', '2024-01-06 03:43:12'),
(109, 'Prof. Orin Conroy DVM', 'SIM B', '2024-01-06 03:43:12', '2024-01-06 03:43:12'),
(110, 'Mr. Terry Grady', 'SIM B', '2024-01-06 03:43:12', '2024-01-06 03:43:12'),
(111, 'Aubrey Pfannerstill I', 'SIM B', '2024-01-06 03:43:12', '2024-01-06 03:43:12'),
(112, 'Myrtis Swift', 'SIM B', '2024-01-06 03:43:12', '2024-01-06 03:43:12'),
(113, 'Elyssa Bradtke II', 'SIM B', '2024-01-06 03:43:12', '2024-01-06 03:43:12'),
(114, 'Timothy Romaguera III', 'SIM B', '2024-01-06 03:43:12', '2024-01-06 03:43:12'),
(115, 'Kallie Jerde V', 'SIM B', '2024-01-06 03:43:12', '2024-01-06 03:43:12'),
(116, 'Asia Marks', 'SIM B', '2024-01-06 03:43:12', '2024-01-06 03:43:12'),
(117, 'Prof. Valentin Stoltenberg', 'SIM B', '2024-01-06 03:43:12', '2024-01-06 03:43:12'),
(118, 'Lance Cole', 'SIM B', '2024-01-06 03:43:12', '2024-01-06 03:43:12'),
(119, 'Rosalind Emard Jr.', 'SIM B', '2024-01-06 03:43:12', '2024-01-06 03:43:12'),
(120, 'Fiona Abernathy', 'SIM B', '2024-01-06 03:43:12', '2024-01-06 03:43:12'),
(121, 'Dr. Reina Altenwerth III', 'SIM B', '2024-01-06 03:43:12', '2024-01-06 03:43:12'),
(122, 'Raphaelle Bogisich', 'SIM B', '2024-01-06 03:43:12', '2024-01-06 03:43:12'),
(123, 'Barry Bashirian', 'SIM B', '2024-01-06 03:43:12', '2024-01-06 03:43:12'),
(124, 'Vidal Goldner', 'SIM B', '2024-01-06 03:43:12', '2024-01-06 03:43:12'),
(125, 'Foster Breitenberg', 'SIM B', '2024-01-06 03:43:12', '2024-01-06 03:43:12'),
(126, 'Lilian Ebert', 'SIM B', '2024-01-06 03:43:12', '2024-01-06 03:43:12'),
(127, 'Dr. Lea Brown', 'SIM B', '2024-01-06 03:43:12', '2024-01-06 03:43:12'),
(128, 'Anika Willms', 'SIM B', '2024-01-06 03:43:12', '2024-01-06 03:43:12'),
(129, 'Dr. Felton Haag', 'SIM B', '2024-01-06 03:43:12', '2024-01-06 03:43:12'),
(130, 'Kristy Hyatt', 'SIM B', '2024-01-06 03:43:12', '2024-01-06 03:43:12'),
(131, 'Kyra Leffler III', 'SIM B', '2024-01-06 03:43:12', '2024-01-06 03:43:12'),
(132, 'Hollie Keeling', 'SIM B', '2024-01-06 03:43:12', '2024-01-06 03:43:12'),
(133, 'Green Schowalter', 'SIM B', '2024-01-06 03:43:12', '2024-01-06 03:43:12'),
(134, 'Lowell Hermann', 'SIM B', '2024-01-06 03:43:12', '2024-01-06 03:43:12'),
(135, 'Prof. Lucienne Harris II', 'SIM B', '2024-01-06 03:43:12', '2024-01-06 03:43:12'),
(136, 'Miss Frances Collier Jr.', 'SIM B', '2024-01-06 03:43:12', '2024-01-06 03:43:12'),
(137, 'Dr. Genesis Kertzmann', 'SIM B', '2024-01-06 03:43:12', '2024-01-06 03:43:12'),
(138, 'Ms. Thelma Howell', 'SIM B', '2024-01-06 03:43:12', '2024-01-06 03:43:12'),
(139, 'Dr. Macey Nienow', 'SIM B', '2024-01-06 03:43:12', '2024-01-06 03:43:12'),
(140, 'Sylvan Watsica', 'SIM B', '2024-01-06 03:43:12', '2024-01-06 03:43:12'),
(141, 'Ulises Streich', 'SIM B', '2024-01-06 03:43:12', '2024-01-06 03:43:12'),
(142, 'Prof. Ethelyn VonRueden', 'SIM B', '2024-01-06 03:43:12', '2024-01-06 03:43:12'),
(143, 'Henri Paucek', 'SIM B', '2024-01-06 03:43:12', '2024-01-06 03:43:12'),
(144, 'Ms. Carmen Cummings V', 'SIM B', '2024-01-06 03:43:12', '2024-01-06 03:43:12'),
(145, 'Glennie Vandervort', 'SIM B', '2024-01-06 03:43:12', '2024-01-06 03:43:12'),
(146, 'Bobbie Wolf', 'SIM B', '2024-01-06 03:43:12', '2024-01-06 03:43:12'),
(147, 'Dr. Shannon Grady', 'SIM B', '2024-01-06 03:43:12', '2024-01-06 03:43:12'),
(148, 'Rosendo Beahan', 'SIM B', '2024-01-06 03:43:12', '2024-01-06 03:43:12'),
(149, 'Trace Stiedemann', 'SIM B', '2024-01-06 03:43:12', '2024-01-06 03:43:12'),
(150, 'Aimee Dooley', 'SIM B', '2024-01-06 03:43:12', '2024-01-06 03:43:12'),
(151, 'Ken Schulist III', 'SIM B', '2024-01-06 03:43:12', '2024-01-06 03:43:12'),
(152, 'Dr. Kellie Wisozk III', 'SIM B', '2024-01-06 03:43:12', '2024-01-06 03:43:12'),
(153, 'Dayton Price', 'SIM B', '2024-01-06 03:43:12', '2024-01-06 03:43:12'),
(154, 'Enoch Stroman', 'SIM B', '2024-01-06 03:43:12', '2024-01-06 03:43:12'),
(155, 'Dr. Quinton Kulas PhD', 'SIM B', '2024-01-06 03:43:12', '2024-01-06 03:43:12'),
(156, 'Rosina Schultz', 'SIM B', '2024-01-06 03:43:12', '2024-01-06 03:43:12'),
(157, 'Cathryn Ryan I', 'SIM B', '2024-01-06 03:43:12', '2024-01-06 03:43:12'),
(158, 'Dr. Darren Durgan III', 'SIM B', '2024-01-06 03:43:12', '2024-01-06 03:43:12'),
(159, 'Mrs. Lavada Waters I', 'SIM B', '2024-01-06 03:43:12', '2024-01-06 03:43:12'),
(160, 'Randal Schaefer IV', 'SIM B', '2024-01-06 03:43:12', '2024-01-06 03:43:12'),
(161, 'Monroe Orn III', 'SIM B', '2024-01-06 03:43:12', '2024-01-06 03:43:12'),
(162, 'Prof. Flavio Pfeffer PhD', 'SIM B', '2024-01-06 03:43:12', '2024-01-06 03:43:12'),
(163, 'Imogene Altenwerth III', 'SIM B', '2024-01-06 03:43:12', '2024-01-06 03:43:12'),
(164, 'Nellie Howe', 'SIM B', '2024-01-06 03:43:12', '2024-01-06 03:43:12'),
(165, 'Dr. Kasandra Stoltenberg IV', 'SIM B', '2024-01-06 03:43:12', '2024-01-06 03:43:12'),
(166, 'Prof. Brigitte Douglas I', 'SIM B', '2024-01-06 03:43:12', '2024-01-06 03:43:12'),
(167, 'Marques Collier', 'SIM B', '2024-01-06 03:43:12', '2024-01-06 03:43:12'),
(168, 'Lemuel Wyman', 'SIM B', '2024-01-06 03:43:12', '2024-01-06 03:43:12'),
(169, 'Theodora Wunsch', 'SIM B', '2024-01-06 03:43:12', '2024-01-06 03:43:12'),
(170, 'Mr. Enrique Yost', 'SIM B', '2024-01-06 03:43:12', '2024-01-06 03:43:12'),
(171, 'Coleman Crooks', 'SIM B', '2024-01-06 03:43:12', '2024-01-06 03:43:12'),
(172, 'Bo Feil PhD', 'SIM B', '2024-01-06 03:43:12', '2024-01-06 03:43:12'),
(173, 'Ms. Earnestine Kutch IV', 'SIM B', '2024-01-06 03:43:12', '2024-01-06 03:43:12'),
(174, 'Gregory Gulgowski', 'SIM B', '2024-01-06 03:43:12', '2024-01-06 03:43:12'),
(175, 'Wayne Bernhard', 'SIM B', '2024-01-06 03:43:12', '2024-01-06 03:43:12'),
(176, 'Eliseo Cole DVM', 'SIM B', '2024-01-06 03:43:12', '2024-01-06 03:43:12'),
(177, 'Frederic White', 'SIM B', '2024-01-06 03:43:12', '2024-01-06 03:43:12'),
(178, 'Prof. Nicklaus Schoen', 'SIM B', '2024-01-06 03:43:12', '2024-01-06 03:43:12'),
(179, 'Dr. Erika Hyatt', 'SIM B', '2024-01-06 03:43:12', '2024-01-06 03:43:12'),
(180, 'Evans Graham', 'SIM B', '2024-01-06 03:43:12', '2024-01-06 03:43:12'),
(181, 'Nettie Wisozk', 'SIM B', '2024-01-06 03:43:12', '2024-01-06 03:43:12'),
(182, 'Carolanne Green', 'SIM B', '2024-01-06 03:43:12', '2024-01-06 03:43:12'),
(183, 'Prof. Darren Mueller Jr.', 'SIM B', '2024-01-06 03:43:12', '2024-01-06 03:43:12'),
(184, 'Ms. Alivia Leffler', 'SIM B', '2024-01-06 03:43:12', '2024-01-06 03:43:12'),
(185, 'Aurelie Tromp', 'SIM B', '2024-01-06 03:43:12', '2024-01-06 03:43:12'),
(186, 'Mr. Wayne Lemke', 'SIM B', '2024-01-06 03:43:12', '2024-01-06 03:43:12'),
(187, 'Eileen Bashirian', 'SIM B', '2024-01-06 03:43:12', '2024-01-06 03:43:12'),
(188, 'Prof. Antoinette Hegmann', 'SIM B', '2024-01-06 03:43:12', '2024-01-06 03:43:12'),
(189, 'Dr. Moises Hills MD', 'SIM B', '2024-01-06 03:43:12', '2024-01-06 03:43:12'),
(190, 'Melba Orn', 'SIM B', '2024-01-06 03:43:12', '2024-01-06 03:43:12'),
(191, 'Uriel Murray', 'SIM B', '2024-01-06 03:43:12', '2024-01-06 03:43:12'),
(192, 'Oma Langosh', 'SIM B', '2024-01-06 03:43:12', '2024-01-06 03:43:12'),
(193, 'Claudine Pacocha V', 'SIM B', '2024-01-06 03:43:12', '2024-01-06 03:43:12'),
(194, 'Tre Brown', 'SIM B', '2024-01-06 03:43:12', '2024-01-06 03:43:12'),
(195, 'Reanna Gusikowski', 'SIM B', '2024-01-06 03:43:12', '2024-01-06 03:43:12'),
(196, 'June Schinner', 'SIM B', '2024-01-06 03:43:12', '2024-01-06 03:43:12'),
(197, 'Greta Mitchell', 'SIM B', '2024-01-06 03:43:12', '2024-01-06 03:43:12'),
(198, 'Carter Bauch', 'SIM B', '2024-01-06 03:43:12', '2024-01-06 03:43:12'),
(199, 'Mr. Muhammad Schneider', 'SIM B', '2024-01-06 03:43:12', '2024-01-06 03:43:12'),
(200, 'Fletcher Dietrich', 'SIM B', '2024-01-06 03:43:12', '2024-01-06 03:43:12'),
(201, 'Kenton Barrows', 'SIM B', '2024-01-06 03:43:12', '2024-01-06 03:43:12'),
(202, 'Mr. Cortez Welch', 'SIM B', '2024-01-06 03:43:12', '2024-01-06 03:43:12'),
(203, 'Vena McKenzie DDS', 'SIM B', '2024-01-06 03:43:12', '2024-01-06 03:43:12'),
(204, 'Mrs. Jude DuBuque Jr.', 'SIM B', '2024-01-06 03:43:12', '2024-01-06 03:43:12'),
(205, 'Jaeden Torphy MD', 'SIM B', '2024-01-06 03:43:12', '2024-01-06 03:43:12'),
(206, 'Mrs. Gilda Klocko', 'SIM B', '2024-01-06 03:43:12', '2024-01-06 03:43:12'),
(207, 'Wyman King', 'SIM B', '2024-01-06 03:43:12', '2024-01-06 03:43:12'),
(208, 'Mackenzie Gulgowski', 'SIM B', '2024-01-06 03:43:12', '2024-01-06 03:43:12'),
(209, 'Mariano Legros', 'SIM B', '2024-01-06 03:43:12', '2024-01-06 03:43:12'),
(210, 'Dr. Jordon Thiel', 'SIM B', '2024-01-06 03:43:12', '2024-01-06 03:43:12'),
(211, 'Trevor Veum', 'SIM B', '2024-01-06 03:43:12', '2024-01-06 03:43:12'),
(212, 'Melany Brakus', 'SIM B', '2024-01-06 03:43:12', '2024-01-06 03:43:12'),
(213, 'Vince Goldner MD', 'SIM B', '2024-01-06 03:43:12', '2024-01-06 03:43:12'),
(214, 'Jeffrey Reichel', 'SIM B', '2024-01-06 03:43:12', '2024-01-06 03:43:12'),
(215, 'Miss Rubye Robel', 'SIM B', '2024-01-06 03:43:12', '2024-01-06 03:43:12'),
(216, 'Sallie DuBuque', 'SIM B', '2024-01-06 03:43:12', '2024-01-06 03:43:12'),
(217, 'Dr. Herminia Bode MD', 'SIM B', '2024-01-06 03:43:12', '2024-01-06 03:43:12'),
(218, 'Ms. Jazmin Stark', 'SIM B', '2024-01-06 03:43:12', '2024-01-06 03:43:12'),
(219, 'Dewayne King', 'SIM B', '2024-01-06 03:43:12', '2024-01-06 03:43:12'),
(220, 'Ms. Savannah Zemlak Sr.', 'SIM B', '2024-01-06 03:43:12', '2024-01-06 03:43:12'),
(221, 'Dr. Rylan Tillman', 'SIM B', '2024-01-06 03:43:12', '2024-01-06 03:43:12'),
(222, 'Roslyn Jenkins', 'SIM B', '2024-01-06 03:43:12', '2024-01-06 03:43:12'),
(223, 'Dr. Ruth Howe', 'SIM B', '2024-01-06 03:43:12', '2024-01-06 03:43:12'),
(224, 'Isidro Lockman', 'SIM B', '2024-01-06 03:43:12', '2024-01-06 03:43:12'),
(225, 'Mrs. Katrina Kihn', 'SIM B', '2024-01-06 03:43:12', '2024-01-06 03:43:12'),
(226, 'Therese Braun', 'SIM B', '2024-01-06 03:43:12', '2024-01-06 03:43:12'),
(227, 'Fatima Reichel III', 'SIM B', '2024-01-06 03:43:12', '2024-01-06 03:43:12'),
(228, 'Gordon Casper', 'SIM B', '2024-01-06 03:43:12', '2024-01-06 03:43:12'),
(229, 'Dayton Spencer', 'SIM B', '2024-01-06 03:43:12', '2024-01-06 03:43:12'),
(230, 'Mr. Everardo Abbott', 'SIM B', '2024-01-06 03:43:12', '2024-01-06 03:43:12'),
(231, 'Dr. Gerald Nikolaus I', 'SIM B', '2024-01-06 03:43:12', '2024-01-06 03:43:12'),
(232, 'Andre Sipes', 'SIM B', '2024-01-06 03:43:12', '2024-01-06 03:43:12'),
(233, 'Ms. Lela Kertzmann Sr.', 'SIM B', '2024-01-06 03:43:12', '2024-01-06 03:43:12'),
(234, 'Ms. Violette Streich DVM', 'SIM B', '2024-01-06 03:43:12', '2024-01-06 03:43:12'),
(235, 'Titus Kuvalis PhD', 'SIM B', '2024-01-06 03:43:12', '2024-01-06 03:43:12'),
(236, 'Anibal O\'Reilly', 'SIM B', '2024-01-06 03:43:12', '2024-01-06 03:43:12'),
(237, 'Miss Rosetta Cartwright', 'SIM B', '2024-01-06 03:43:12', '2024-01-06 03:43:12'),
(238, 'Eladio Carter II', 'SIM B', '2024-01-06 03:43:12', '2024-01-06 03:43:12'),
(239, 'Chauncey Leuschke', 'SIM B', '2024-01-06 03:43:12', '2024-01-06 03:43:12'),
(240, 'Mrs. Maegan Wilkinson PhD', 'SIM B', '2024-01-06 03:43:12', '2024-01-06 03:43:12'),
(241, 'Guido Emmerich', 'SIM B', '2024-01-06 03:43:12', '2024-01-06 03:43:12'),
(242, 'Cortney Marquardt', 'SIM B', '2024-01-06 03:43:12', '2024-01-06 03:43:12'),
(243, 'Cortez Becker', 'SIM B', '2024-01-06 03:43:12', '2024-01-06 03:43:12'),
(244, 'Prof. Kenneth Wintheiser', 'SIM B', '2024-01-06 03:43:12', '2024-01-06 03:43:12'),
(245, 'Dr. Destiny Connelly MD', 'SIM B', '2024-01-06 03:43:12', '2024-01-06 03:43:12'),
(246, 'Phoebe Cormier', 'SIM B', '2024-01-06 03:43:12', '2024-01-06 03:43:12'),
(247, 'Waino Bogan', 'SIM B', '2024-01-06 03:43:12', '2024-01-06 03:43:12'),
(248, 'Norwood Zboncak', 'SIM B', '2024-01-06 03:43:12', '2024-01-06 03:43:12'),
(249, 'Ashtyn Kassulke', 'SIM B', '2024-01-06 03:43:12', '2024-01-06 03:43:12'),
(250, 'Darrel Doyle', 'SIM B', '2024-01-06 03:43:12', '2024-01-06 03:43:12'),
(251, 'Marlee Ebert', 'SIM B', '2024-01-06 03:43:12', '2024-01-06 03:43:12'),
(252, 'Vernice Buckridge', 'SIM B', '2024-01-06 03:43:12', '2024-01-06 03:43:12'),
(253, 'Dr. Miller Wolff III', 'SIM B', '2024-01-06 03:43:12', '2024-01-06 03:43:12'),
(254, 'Rachael McLaughlin', 'SIM B', '2024-01-06 03:43:12', '2024-01-06 03:43:12'),
(255, 'Benedict Schmeler', 'SIM B', '2024-01-06 03:43:12', '2024-01-06 03:43:12'),
(256, 'Freeman Howe', 'SIM B', '2024-01-06 03:43:12', '2024-01-06 03:43:12'),
(257, 'Diamond Boyer', 'SIM B', '2024-01-06 03:43:12', '2024-01-06 03:43:12'),
(258, 'Rozella Dicki', 'SIM B', '2024-01-06 03:43:12', '2024-01-06 03:43:12'),
(259, 'Brock Schaefer', 'SIM B', '2024-01-06 03:43:12', '2024-01-06 03:43:12'),
(260, 'Orland Labadie', 'SIM B', '2024-01-06 03:43:12', '2024-01-06 03:43:12'),
(261, 'Zaria Douglas', 'SIM B', '2024-01-06 03:43:12', '2024-01-06 03:43:12'),
(262, 'Dr. Misael Kohler', 'SIM B', '2024-01-06 03:43:12', '2024-01-06 03:43:12'),
(263, 'Amiya Miller', 'SIM B', '2024-01-06 03:43:12', '2024-01-06 03:43:12'),
(264, 'Vivienne Dibbert', 'SIM B', '2024-01-06 03:43:12', '2024-01-06 03:43:12'),
(265, 'Makenna Mitchell', 'SIM B', '2024-01-06 03:43:12', '2024-01-06 03:43:12'),
(266, 'Eddie Okuneva', 'SIM B', '2024-01-06 03:43:12', '2024-01-06 03:43:12'),
(267, 'Marc Murray', 'SIM B', '2024-01-06 03:43:12', '2024-01-06 03:43:12'),
(268, 'Eve Weissnat', 'SIM B', '2024-01-06 03:43:12', '2024-01-06 03:43:12'),
(269, 'Miss Willow Langosh', 'SIM B', '2024-01-06 03:43:12', '2024-01-06 03:43:12'),
(270, 'Domenic Graham IV', 'SIM B', '2024-01-06 03:43:12', '2024-01-06 03:43:12'),
(271, 'Eloise Gulgowski', 'SIM B', '2024-01-06 03:43:12', '2024-01-06 03:43:12'),
(272, 'Dell Schroeder', 'SIM B', '2024-01-06 03:43:12', '2024-01-06 03:43:12'),
(273, 'Ms. Matilde Smitham PhD', 'SIM B', '2024-01-06 03:43:12', '2024-01-06 03:43:12'),
(274, 'Cary Senger', 'SIM B', '2024-01-06 03:43:12', '2024-01-06 03:43:12'),
(275, 'Mr. Jaren Rutherford', 'SIM B', '2024-01-06 03:43:12', '2024-01-06 03:43:12'),
(276, 'Armani Quigley', 'SIM B', '2024-01-06 03:43:12', '2024-01-06 03:43:12'),
(277, 'Prof. Kamren Moen', 'SIM B', '2024-01-06 03:43:12', '2024-01-06 03:43:12'),
(278, 'Wyatt Mitchell', 'SIM B', '2024-01-06 03:43:12', '2024-01-06 03:43:12'),
(279, 'Palma Kunze', 'SIM B', '2024-01-06 03:43:12', '2024-01-06 03:43:12'),
(280, 'Mr. Dion Roberts', 'SIM B', '2024-01-06 03:43:12', '2024-01-06 03:43:12'),
(281, 'Nikki Herman PhD', 'SIM B', '2024-01-06 03:43:12', '2024-01-06 03:43:12'),
(282, 'Prof. Clovis Grady', 'SIM B', '2024-01-06 03:43:12', '2024-01-06 03:43:12'),
(283, 'Nasir Gleichner', 'SIM B', '2024-01-06 03:43:12', '2024-01-06 03:43:12'),
(284, 'Helga Hackett I', 'SIM B', '2024-01-06 03:43:12', '2024-01-06 03:43:12'),
(285, 'Lucie Jacobs', 'SIM B', '2024-01-06 03:43:12', '2024-01-06 03:43:12'),
(286, 'Dr. Arden Beatty II', 'SIM B', '2024-01-06 03:43:12', '2024-01-06 03:43:12'),
(287, 'Jeffrey Jakubowski', 'SIM B', '2024-01-06 03:43:12', '2024-01-06 03:43:12'),
(288, 'Aiden Donnelly', 'SIM B', '2024-01-06 03:43:12', '2024-01-06 03:43:12'),
(289, 'Helen Greenfelder', 'SIM B', '2024-01-06 03:43:12', '2024-01-06 03:43:12'),
(290, 'Raphaelle Corkery', 'SIM B', '2024-01-06 03:43:12', '2024-01-06 03:43:12'),
(291, 'Haylee Goldner', 'SIM B', '2024-01-06 03:43:12', '2024-01-06 03:43:12'),
(292, 'Dale Gorczany', 'SIM B', '2024-01-06 03:43:12', '2024-01-06 03:43:12'),
(293, 'Jonas Tillman', 'SIM B', '2024-01-06 03:43:12', '2024-01-06 03:43:12'),
(294, 'Jennyfer McClure', 'SIM B', '2024-01-06 03:43:12', '2024-01-06 03:43:12'),
(295, 'Mrs. Emelie Haley', 'SIM B', '2024-01-06 03:43:12', '2024-01-06 03:43:12'),
(296, 'Mrs. Arlene Gutkowski II', 'SIM B', '2024-01-06 03:43:12', '2024-01-06 03:43:12'),
(297, 'Mrs. Marjolaine Strosin IV', 'SIM B', '2024-01-06 03:43:12', '2024-01-06 03:43:12'),
(298, 'Oren Kilback', 'SIM B', '2024-01-06 03:43:12', '2024-01-06 03:43:12'),
(299, 'Ryley Von', 'SIM B', '2024-01-06 03:43:12', '2024-01-06 03:43:12'),
(300, 'Prof. Sadye Thiel', 'SIM B', '2024-01-06 03:43:12', '2024-01-06 03:43:12'),
(301, 'Miss Amelia Hintz Jr.', 'SIM B', '2024-01-06 03:43:12', '2024-01-06 03:43:12'),
(302, 'Ms. Annamae Farrell', 'SIM B', '2024-01-06 03:43:12', '2024-01-06 03:43:12'),
(303, 'Prof. Cindy Trantow DVM', 'SIM B', '2024-01-06 03:43:12', '2024-01-06 03:43:12'),
(304, 'Martin Romaguera', 'SIM B', '2024-01-06 03:43:12', '2024-01-06 03:43:12'),
(305, 'Dameon Tremblay', 'SIM B', '2024-01-06 03:43:12', '2024-01-06 03:43:12'),
(306, 'Marshall Considine', 'SIM B', '2024-01-06 03:43:12', '2024-01-06 03:43:12'),
(307, 'Dr. Jamil Ryan', 'SIM B', '2024-01-06 03:43:12', '2024-01-06 03:43:12'),
(308, 'Alana Kshlerin', 'SIM B', '2024-01-06 03:43:12', '2024-01-06 03:43:12'),
(309, 'Ryley Feeney II', 'SIM B', '2024-01-06 03:43:12', '2024-01-06 03:43:12'),
(310, 'Miss Melyna Kreiger I', 'SIM B', '2024-01-06 03:43:12', '2024-01-06 03:43:12'),
(311, 'Sylvan Balistreri', 'SIM B', '2024-01-06 03:43:12', '2024-01-06 03:43:12'),
(312, 'Troy Schaden', 'SIM B', '2024-01-06 03:43:12', '2024-01-06 03:43:12'),
(313, 'Miss Rosemarie Bayer', 'SIM B', '2024-01-06 03:43:12', '2024-01-06 03:43:12'),
(314, 'Prof. Trinity Hammes IV', 'SIM B', '2024-01-06 03:43:12', '2024-01-06 03:43:12'),
(315, 'Zander Christiansen', 'SIM B', '2024-01-06 03:43:12', '2024-01-06 03:43:12'),
(316, 'Prof. Ophelia Kautzer', 'SIM B', '2024-01-06 03:43:12', '2024-01-06 03:43:12'),
(317, 'Deon Schaefer', 'SIM B', '2024-01-06 03:43:12', '2024-01-06 03:43:12'),
(318, 'Mr. Austen Erdman', 'SIM B', '2024-01-06 03:43:12', '2024-01-06 03:43:12'),
(319, 'Moses Hane', 'SIM B', '2024-01-06 03:43:12', '2024-01-06 03:43:12'),
(320, 'Mrs. Marion Quigley DVM', 'SIM B', '2024-01-06 03:43:12', '2024-01-06 03:43:12'),
(321, 'Isabell Toy', 'SIM B', '2024-01-06 03:43:12', '2024-01-06 03:43:12'),
(322, 'Palma Corkery', 'SIM B', '2024-01-06 03:43:12', '2024-01-06 03:43:12'),
(323, 'Dr. Arnold Gulgowski', 'SIM B', '2024-01-06 03:43:12', '2024-01-06 03:43:12'),
(324, 'Cali Satterfield', 'SIM B', '2024-01-06 03:43:12', '2024-01-06 03:43:12'),
(325, 'Erna Olson', 'SIM B', '2024-01-06 03:43:12', '2024-01-06 03:43:12'),
(326, 'Dr. Dudley Waters Sr.', 'SIM B', '2024-01-06 03:43:12', '2024-01-06 03:43:12'),
(327, 'Prof. Ashton Ratke I', 'SIM B', '2024-01-06 03:43:12', '2024-01-06 03:43:12'),
(328, 'Jaqueline Marks', 'SIM B', '2024-01-06 03:43:12', '2024-01-06 03:43:12'),
(329, 'Emmanuelle Bogisich', 'SIM B', '2024-01-06 03:43:12', '2024-01-06 03:43:12'),
(330, 'Mrs. Jessica Marvin DVM', 'SIM B', '2024-01-06 03:43:12', '2024-01-06 03:43:12'),
(331, 'Miss Christelle Smith Sr.', 'SIM B', '2024-01-06 03:43:12', '2024-01-06 03:43:12'),
(332, 'Lea Robel', 'SIM B', '2024-01-06 03:43:12', '2024-01-06 03:43:12'),
(333, 'Antonette Bernhard', 'SIM B', '2024-01-06 03:43:12', '2024-01-06 03:43:12'),
(334, 'Molly Emmerich', 'SIM B', '2024-01-06 03:43:12', '2024-01-06 03:43:12'),
(335, 'Asa Bosco', 'SIM B', '2024-01-06 03:43:12', '2024-01-06 03:43:12'),
(336, 'Anika Brown', 'SIM B', '2024-01-06 03:43:12', '2024-01-06 03:43:12'),
(337, 'Bret Goyette', 'SIM B', '2024-01-06 03:43:12', '2024-01-06 03:43:12'),
(338, 'Kip Glover', 'SIM B', '2024-01-06 03:43:12', '2024-01-06 03:43:12'),
(339, 'Syble Koepp', 'SIM B', '2024-01-06 03:43:12', '2024-01-06 03:43:12'),
(340, 'Leora Brakus DVM', 'SIM B', '2024-01-06 03:43:12', '2024-01-06 03:43:12'),
(341, 'Dr. Barry Torp', 'SIM B', '2024-01-06 03:43:12', '2024-01-06 03:43:12'),
(342, 'Prof. Deion Kozey', 'SIM B', '2024-01-06 03:43:12', '2024-01-06 03:43:12'),
(343, 'Zula Denesik', 'SIM B', '2024-01-06 03:43:12', '2024-01-06 03:43:12'),
(344, 'Prof. Jany Baumbach', 'SIM B', '2024-01-06 03:43:12', '2024-01-06 03:43:12'),
(345, 'Missouri Schuster DDS', 'SIM B', '2024-01-06 03:43:12', '2024-01-06 03:43:12'),
(346, 'Barbara Bashirian Sr.', 'SIM B', '2024-01-06 03:43:12', '2024-01-06 03:43:12'),
(347, 'Forrest Nitzsche', 'SIM B', '2024-01-06 03:43:13', '2024-01-06 03:43:13'),
(348, 'Fiona Blick', 'SIM B', '2024-01-06 03:43:13', '2024-01-06 03:43:13'),
(349, 'Candace Wilkinson', 'SIM B', '2024-01-06 03:43:13', '2024-01-06 03:43:13'),
(350, 'Trycia Orn', 'SIM B', '2024-01-06 03:43:13', '2024-01-06 03:43:13'),
(351, 'Katelynn Orn', 'SIM B', '2024-01-06 03:43:13', '2024-01-06 03:43:13'),
(352, 'Dr. Edwin Keeling I', 'SIM B', '2024-01-06 03:43:13', '2024-01-06 03:43:13'),
(353, 'Kirsten Kris', 'SIM B', '2024-01-06 03:43:13', '2024-01-06 03:43:13'),
(354, 'Prof. Greta Goyette', 'SIM B', '2024-01-06 03:43:13', '2024-01-06 03:43:13'),
(355, 'Marjorie Mohr', 'SIM B', '2024-01-06 03:43:13', '2024-01-06 03:43:13'),
(356, 'Tanya Rau', 'SIM B', '2024-01-06 03:43:13', '2024-01-06 03:43:13'),
(357, 'Dorothy Huel', 'SIM B', '2024-01-06 03:43:13', '2024-01-06 03:43:13'),
(358, 'Angus Okuneva', 'SIM B', '2024-01-06 03:43:13', '2024-01-06 03:43:13'),
(359, 'Mrs. Carlie Williamson', 'SIM B', '2024-01-06 03:43:13', '2024-01-06 03:43:13'),
(360, 'Kamille Kohler', 'SIM B', '2024-01-06 03:43:13', '2024-01-06 03:43:13'),
(361, 'Mr. Clint McClure', 'SIM B', '2024-01-06 03:43:13', '2024-01-06 03:43:13'),
(362, 'Lyla Bartell', 'SIM B', '2024-01-06 03:43:13', '2024-01-06 03:43:13'),
(363, 'Dr. Freddie Herzog', 'SIM B', '2024-01-06 03:43:13', '2024-01-06 03:43:13'),
(364, 'Dr. Rylee Schuster', 'SIM B', '2024-01-06 03:43:13', '2024-01-06 03:43:13'),
(365, 'Prof. Edwardo Toy', 'SIM B', '2024-01-06 03:43:13', '2024-01-06 03:43:13'),
(366, 'Dr. Rey Schultz', 'SIM B', '2024-01-06 03:43:13', '2024-01-06 03:43:13'),
(367, 'Ms. Bianka Fadel', 'SIM B', '2024-01-06 03:43:13', '2024-01-06 03:43:13'),
(368, 'Mrs. Shirley Pollich', 'SIM B', '2024-01-06 03:43:13', '2024-01-06 03:43:13'),
(369, 'Robbie O\'Connell', 'SIM B', '2024-01-06 03:43:13', '2024-01-06 03:43:13'),
(370, 'Janice Braun', 'SIM B', '2024-01-06 03:43:13', '2024-01-06 03:43:13'),
(371, 'Melisa Stehr', 'SIM B', '2024-01-06 03:43:13', '2024-01-06 03:43:13'),
(372, 'Marcel Gibson', 'SIM B', '2024-01-06 03:43:13', '2024-01-06 03:43:13'),
(373, 'Clovis Stehr', 'SIM B', '2024-01-06 03:43:13', '2024-01-06 03:43:13'),
(374, 'Jalen O\'Keefe', 'SIM B', '2024-01-06 03:43:13', '2024-01-06 03:43:13'),
(375, 'Breanne Terry', 'SIM B', '2024-01-06 03:43:13', '2024-01-06 03:43:13'),
(376, 'Geo Zemlak Sr.', 'SIM B', '2024-01-06 03:43:13', '2024-01-06 03:43:13'),
(377, 'Mr. Luis Grady Sr.', 'SIM B', '2024-01-06 03:43:13', '2024-01-06 03:43:13'),
(378, 'Sage Schamberger', 'SIM B', '2024-01-06 03:43:13', '2024-01-06 03:43:13'),
(379, 'Mrs. Electa Hudson', 'SIM B', '2024-01-06 03:43:13', '2024-01-06 03:43:13'),
(380, 'Dr. Amparo Moore', 'SIM B', '2024-01-06 03:43:13', '2024-01-06 03:43:13'),
(381, 'Prof. Lura Kris I', 'SIM B', '2024-01-06 03:43:13', '2024-01-06 03:43:13'),
(382, 'Helga Tillman', 'SIM B', '2024-01-06 03:43:13', '2024-01-06 03:43:13'),
(383, 'Mr. Alvis Schoen DVM', 'SIM B', '2024-01-06 03:43:13', '2024-01-06 03:43:13'),
(384, 'Mr. Lorenz Koelpin', 'SIM B', '2024-01-06 03:43:13', '2024-01-06 03:43:13'),
(385, 'Leopold Gleason', 'SIM B', '2024-01-06 03:43:13', '2024-01-06 03:43:13'),
(386, 'Dr. Opal Stokes', 'SIM B', '2024-01-06 03:43:13', '2024-01-06 03:43:13'),
(387, 'Miss Eveline Monahan', 'SIM B', '2024-01-06 03:43:13', '2024-01-06 03:43:13'),
(388, 'Spencer Schultz', 'SIM B', '2024-01-06 03:43:13', '2024-01-06 03:43:13'),
(389, 'Delores Schmidt', 'SIM B', '2024-01-06 03:43:13', '2024-01-06 03:43:13'),
(390, 'Prof. Nya Huel', 'SIM B', '2024-01-06 03:43:13', '2024-01-06 03:43:13'),
(391, 'Dr. Hulda Schoen III', 'SIM B', '2024-01-06 03:43:13', '2024-01-06 03:43:13'),
(392, 'Morgan Murazik', 'SIM B', '2024-01-06 03:43:13', '2024-01-06 03:43:13'),
(393, 'Burdette Brekke', 'SIM B', '2024-01-06 03:43:13', '2024-01-06 03:43:13'),
(394, 'Mr. Sofia Kerluke', 'SIM B', '2024-01-06 03:43:13', '2024-01-06 03:43:13'),
(395, 'Jabari Graham', 'SIM B', '2024-01-06 03:43:13', '2024-01-06 03:43:13'),
(396, 'Prof. Mattie Funk Jr.', 'SIM B', '2024-01-06 03:43:13', '2024-01-06 03:43:13'),
(397, 'Prof. Benedict Jaskolski', 'SIM B', '2024-01-06 03:43:13', '2024-01-06 03:43:13'),
(398, 'Clifton Bosco', 'SIM B', '2024-01-06 03:43:13', '2024-01-06 03:43:13'),
(399, 'Nelson Murphy', 'SIM B', '2024-01-06 03:43:13', '2024-01-06 03:43:13'),
(400, 'Freeda VonRueden', 'SIM B', '2024-01-06 03:43:13', '2024-01-06 03:43:13'),
(401, 'Lorine Kuphal', 'SIM B', '2024-01-06 03:43:13', '2024-01-06 03:43:13'),
(402, 'Miss Gia Gaylord PhD', 'SIM B', '2024-01-06 03:43:13', '2024-01-06 03:43:13'),
(403, 'Genesis Kessler', 'SIM B', '2024-01-06 03:43:13', '2024-01-06 03:43:13'),
(404, 'Effie Hartmann IV', 'SIM B', '2024-01-06 03:43:13', '2024-01-06 03:43:13'),
(405, 'Oral Hauck', 'SIM B', '2024-01-06 03:43:13', '2024-01-06 03:43:13'),
(406, 'Dr. Mckenzie Dibbert', 'SIM B', '2024-01-06 03:43:13', '2024-01-06 03:43:13'),
(407, 'Cassandre Jerde', 'SIM B', '2024-01-06 03:43:13', '2024-01-06 03:43:13'),
(408, 'Rachel Jacobson', 'SIM B', '2024-01-06 03:43:13', '2024-01-06 03:43:13'),
(409, 'Orin McGlynn', 'SIM B', '2024-01-06 03:43:13', '2024-01-06 03:43:13'),
(410, 'Eleanore Ondricka Jr.', 'SIM B', '2024-01-06 03:43:13', '2024-01-06 03:43:13'),
(411, 'Minnie Kshlerin', 'SIM B', '2024-01-06 03:43:13', '2024-01-06 03:43:13'),
(412, 'Dr. Agustin Rath', 'SIM B', '2024-01-06 03:43:13', '2024-01-06 03:43:13'),
(413, 'Mrs. Shanon McKenzie', 'SIM B', '2024-01-06 03:43:13', '2024-01-06 03:43:13'),
(414, 'June Keebler', 'SIM B', '2024-01-06 03:43:13', '2024-01-06 03:43:13'),
(415, 'Prof. Adan Emmerich', 'SIM B', '2024-01-06 03:43:13', '2024-01-06 03:43:13'),
(416, 'Bryce Nicolas', 'SIM B', '2024-01-06 03:43:13', '2024-01-06 03:43:13'),
(417, 'Marcelina Torp', 'SIM B', '2024-01-06 03:43:13', '2024-01-06 03:43:13'),
(418, 'Emelie Blanda', 'SIM B', '2024-01-06 03:43:13', '2024-01-06 03:43:13'),
(419, 'Vanessa Dickens', 'SIM B', '2024-01-06 03:43:13', '2024-01-06 03:43:13'),
(420, 'Ezequiel Ankunding', 'SIM B', '2024-01-06 03:43:13', '2024-01-06 03:43:13'),
(421, 'Dr. Madelynn Conn IV', 'SIM B', '2024-01-06 03:43:13', '2024-01-06 03:43:13'),
(422, 'Remington Harber', 'SIM B', '2024-01-06 03:43:13', '2024-01-06 03:43:13'),
(423, 'Miss Georgiana Steuber II', 'SIM B', '2024-01-06 03:43:13', '2024-01-06 03:43:13'),
(424, 'Tanner Leannon', 'SIM B', '2024-01-06 03:43:13', '2024-01-06 03:43:13'),
(425, 'Prof. Jannie Kuhic I', 'SIM B', '2024-01-06 03:43:13', '2024-01-06 03:43:13'),
(426, 'Mike Nolan', 'SIM B', '2024-01-06 03:43:13', '2024-01-06 03:43:13'),
(427, 'Mr. London Nader', 'SIM B', '2024-01-06 03:43:13', '2024-01-06 03:43:13'),
(428, 'Wiley Monahan', 'SIM B', '2024-01-06 03:43:13', '2024-01-06 03:43:13'),
(429, 'Declan Haag', 'SIM B', '2024-01-06 03:43:13', '2024-01-06 03:43:13'),
(430, 'Alexzander Bernhard', 'SIM B', '2024-01-06 03:43:13', '2024-01-06 03:43:13'),
(431, 'Dexter Bartell', 'SIM B', '2024-01-06 03:43:13', '2024-01-06 03:43:13'),
(432, 'Prof. Aurelie Bartell', 'SIM B', '2024-01-06 03:43:13', '2024-01-06 03:43:13'),
(433, 'Cloyd Baumbach', 'SIM B', '2024-01-06 03:43:13', '2024-01-06 03:43:13'),
(434, 'Miss Matilde Kassulke Jr.', 'SIM B', '2024-01-06 03:43:13', '2024-01-06 03:43:13'),
(435, 'Miss Aaliyah Herzog', 'SIM B', '2024-01-06 03:43:13', '2024-01-06 03:43:13'),
(436, 'Yasmeen Wolff', 'SIM B', '2024-01-06 03:43:13', '2024-01-06 03:43:13'),
(437, 'Prof. Chasity Feeney PhD', 'SIM B', '2024-01-06 03:43:13', '2024-01-06 03:43:13'),
(438, 'Kiel Bradtke', 'SIM B', '2024-01-06 03:43:13', '2024-01-06 03:43:13'),
(439, 'Miss Joelle Hirthe', 'SIM B', '2024-01-06 03:43:13', '2024-01-06 03:43:13'),
(440, 'Mr. Felipe Kuhlman PhD', 'SIM B', '2024-01-06 03:43:13', '2024-01-06 03:43:13'),
(441, 'Mr. Derrick Wintheiser', 'SIM B', '2024-01-06 03:43:13', '2024-01-06 03:43:13'),
(442, 'Ismael Romaguera', 'SIM B', '2024-01-06 03:43:13', '2024-01-06 03:43:13'),
(443, 'Allen Zboncak MD', 'SIM B', '2024-01-06 03:43:13', '2024-01-06 03:43:13'),
(444, 'Holden Hill', 'SIM B', '2024-01-06 03:43:13', '2024-01-06 03:43:13'),
(445, 'Prof. Carole Schaden', 'SIM B', '2024-01-06 03:43:13', '2024-01-06 03:43:13'),
(446, 'Susan Kerluke I', 'SIM B', '2024-01-06 03:43:13', '2024-01-06 03:43:13'),
(447, 'Prof. Emile Schmeler III', 'SIM B', '2024-01-06 03:43:13', '2024-01-06 03:43:13'),
(448, 'Savanah DuBuque Jr.', 'SIM B', '2024-01-06 03:43:13', '2024-01-06 03:43:13'),
(449, 'Mrs. Allie Daniel V', 'SIM B', '2024-01-06 03:43:13', '2024-01-06 03:43:13'),
(450, 'Prof. Marlee Wolf', 'SIM B', '2024-01-06 03:43:13', '2024-01-06 03:43:13'),
(451, 'Katelynn Hauck V', 'SIM B', '2024-01-06 03:43:13', '2024-01-06 03:43:13'),
(452, 'Gretchen Powlowski', 'SIM B', '2024-01-06 03:43:13', '2024-01-06 03:43:13'),
(453, 'Lizzie Ullrich', 'SIM B', '2024-01-06 03:43:13', '2024-01-06 03:43:13'),
(454, 'Ole Becker', 'SIM B', '2024-01-06 03:43:13', '2024-01-06 03:43:13'),
(455, 'Dr. Delbert Lang', 'SIM B', '2024-01-06 03:43:13', '2024-01-06 03:43:13'),
(456, 'Dagmar Yundt', 'SIM B', '2024-01-06 03:43:13', '2024-01-06 03:43:13'),
(457, 'Bert Hill', 'SIM B', '2024-01-06 03:43:13', '2024-01-06 03:43:13'),
(458, 'Mr. Benedict VonRueden I', 'SIM B', '2024-01-06 03:43:13', '2024-01-06 03:43:13'),
(459, 'Maud Bogisich', 'SIM B', '2024-01-06 03:43:13', '2024-01-06 03:43:13'),
(460, 'Don Bayer', 'SIM B', '2024-01-06 03:43:13', '2024-01-06 03:43:13'),
(461, 'Ashlee Schiller', 'SIM B', '2024-01-06 03:43:13', '2024-01-06 03:43:13'),
(462, 'Mr. Carmelo Dooley', 'SIM B', '2024-01-06 03:43:13', '2024-01-06 03:43:13'),
(463, 'Merl Fahey PhD', 'SIM B', '2024-01-06 03:43:13', '2024-01-06 03:43:13'),
(464, 'Prof. Layne Johns', 'SIM B', '2024-01-06 03:43:13', '2024-01-06 03:43:13'),
(465, 'Angus DuBuque', 'SIM B', '2024-01-06 03:43:13', '2024-01-06 03:43:13'),
(466, 'Mrs. Teagan Flatley', 'SIM B', '2024-01-06 03:43:13', '2024-01-06 03:43:13'),
(467, 'Mr. Stephan Deckow', 'SIM B', '2024-01-06 03:43:13', '2024-01-06 03:43:13'),
(468, 'Prof. Domingo Schimmel', 'SIM B', '2024-01-06 03:43:13', '2024-01-06 03:43:13'),
(469, 'Miss Makayla Streich I', 'SIM B', '2024-01-06 03:43:13', '2024-01-06 03:43:13'),
(470, 'Mrs. Hailie Schimmel', 'SIM B', '2024-01-06 03:43:13', '2024-01-06 03:43:13'),
(471, 'Griffin Mann V', 'SIM B', '2024-01-06 03:43:13', '2024-01-06 03:43:13'),
(472, 'Ms. Citlalli Windler', 'SIM B', '2024-01-06 03:43:13', '2024-01-06 03:43:13'),
(473, 'Mr. Austin Rosenbaum', 'SIM B', '2024-01-06 03:43:13', '2024-01-06 03:43:13'),
(474, 'Vernice Moore', 'SIM B', '2024-01-06 03:43:13', '2024-01-06 03:43:13'),
(475, 'Lamont Crooks', 'SIM B', '2024-01-06 03:43:13', '2024-01-06 03:43:13'),
(476, 'Edgardo Rosenbaum', 'SIM B', '2024-01-06 03:43:13', '2024-01-06 03:43:13'),
(477, 'Ardella Fay', 'SIM B', '2024-01-06 03:43:13', '2024-01-06 03:43:13'),
(478, 'Mercedes O\'Conner', 'SIM B', '2024-01-06 03:43:13', '2024-01-06 03:43:13'),
(479, 'Josiah Treutel', 'SIM B', '2024-01-06 03:43:13', '2024-01-06 03:43:13'),
(480, 'Aaliyah Ziemann', 'SIM B', '2024-01-06 03:43:13', '2024-01-06 03:43:13'),
(481, 'Ansel Ryan', 'SIM B', '2024-01-06 03:43:13', '2024-01-06 03:43:13'),
(482, 'Rebecca Wintheiser II', 'SIM B', '2024-01-06 03:43:13', '2024-01-06 03:43:13'),
(483, 'Yasmine Hoppe', 'SIM B', '2024-01-06 03:43:13', '2024-01-06 03:43:13'),
(484, 'Kali Lindgren', 'SIM B', '2024-01-06 03:43:13', '2024-01-06 03:43:13'),
(485, 'Prof. Barrett Koelpin', 'SIM B', '2024-01-06 03:43:13', '2024-01-06 03:43:13'),
(486, 'Bernardo Kassulke', 'SIM B', '2024-01-06 03:43:13', '2024-01-06 03:43:13'),
(487, 'Mrs. Liana Bins IV', 'SIM B', '2024-01-06 03:43:13', '2024-01-06 03:43:13'),
(488, 'Miss Emmalee Schamberger', 'SIM B', '2024-01-06 03:43:13', '2024-01-06 03:43:13'),
(489, 'Prof. Eulalia Gaylord Jr.', 'SIM B', '2024-01-06 03:43:13', '2024-01-06 03:43:13'),
(490, 'Archibald Batz', 'SIM B', '2024-01-06 03:43:13', '2024-01-06 03:43:13'),
(491, 'Ms. Ozella Robel III', 'SIM B', '2024-01-06 03:43:13', '2024-01-06 03:43:13'),
(492, 'Vella White', 'SIM B', '2024-01-06 03:43:13', '2024-01-06 03:43:13'),
(493, 'Loren Ward PhD', 'SIM B', '2024-01-06 03:43:13', '2024-01-06 03:43:13'),
(494, 'Destinee Strosin', 'SIM B', '2024-01-06 03:43:13', '2024-01-06 03:43:13'),
(495, 'Mrs. Barbara Brekke', 'SIM B', '2024-01-06 03:43:13', '2024-01-06 03:43:13'),
(496, 'Tomas Lakin', 'SIM B', '2024-01-06 03:43:13', '2024-01-06 03:43:13'),
(497, 'Dr. Petra Runte', 'SIM B', '2024-01-06 03:43:13', '2024-01-06 03:43:13'),
(498, 'Eda Boehm', 'SIM B', '2024-01-06 03:43:13', '2024-01-06 03:43:13'),
(499, 'Kaci Rempel', 'SIM B', '2024-01-06 03:43:13', '2024-01-06 03:43:13'),
(500, 'Clinton Spinka', 'SIM B', '2024-01-06 03:43:13', '2024-01-06 03:43:13');

-- --------------------------------------------------------

--
-- Table structure for table `jabatans`
--

CREATE TABLE `jabatans` (
  `id` bigint(20) UNSIGNED NOT NULL,
  `nama_jabatan` varchar(255) NOT NULL,
  `kepala_pool` tinyint(4) NOT NULL DEFAULT 0,
  `created_at` timestamp NULL DEFAULT NULL,
  `updated_at` timestamp NULL DEFAULT NULL
) ENGINE=InnoDB DEFAULT CHARSET=utf8mb4 COLLATE=utf8mb4_unicode_ci;

--
-- Dumping data for table `jabatans`
--

INSERT INTO `jabatans` (`id`, `nama_jabatan`, `kepala_pool`, `created_at`, `updated_at`) VALUES
(1, 'Kepala Pool', 1, '2024-01-06 03:43:18', '2024-01-08 07:55:16'),
(2, 'Kepala Lapangan', 0, '2024-01-06 03:43:18', '2024-01-07 10:51:23'),
(3, 'Staff', 0, '2024-01-06 03:43:18', '2024-01-06 07:39:59');

-- --------------------------------------------------------

--
-- Table structure for table `kendaraans`
--

CREATE TABLE `kendaraans` (
  `id` bigint(20) UNSIGNED NOT NULL,
  `nama_kendaraan` varchar(255) NOT NULL,
  `jenis_kendaraan` varchar(255) NOT NULL,
  `nomor_polisi` varchar(255) NOT NULL,
  `tahun_pembuatan` bigint(20) NOT NULL,
  `tanggal_beli_sewa` datetime NOT NULL,
  `status_kendaraan` tinyint(4) NOT NULL,
  `created_at` timestamp NULL DEFAULT NULL,
  `updated_at` timestamp NULL DEFAULT NULL
) ENGINE=InnoDB DEFAULT CHARSET=utf8mb4 COLLATE=utf8mb4_unicode_ci;

--
-- Dumping data for table `kendaraans`
--

INSERT INTO `kendaraans` (`id`, `nama_kendaraan`, `jenis_kendaraan`, `nomor_polisi`, `tahun_pembuatan`, `tanggal_beli_sewa`, `status_kendaraan`, `created_at`, `updated_at`) VALUES
(1, 'Volvo', 'Angkutan Barang', 'B7744KKI', 2012, '2024-01-07 01:46:54', 1, '2024-01-06 07:47:04', '2024-01-06 07:47:04'),
(2, 'Inova Zenix', 'Angkutan Orang', 'B5688NIA', 2015, '2024-01-01 01:47:28', 1, '2024-01-06 07:47:34', '2024-01-06 07:47:34'),
(3, 'Hilux', 'Angkutan Orang', 'B5688NIA', 2015, '2024-01-09 11:03:29', 1, '2024-01-08 05:03:33', '2024-01-08 05:03:33');

-- --------------------------------------------------------

--
-- Table structure for table `migrations`
--

CREATE TABLE `migrations` (
  `id` int(10) UNSIGNED NOT NULL,
  `migration` varchar(255) NOT NULL,
  `batch` int(11) NOT NULL
) ENGINE=InnoDB DEFAULT CHARSET=utf8mb4 COLLATE=utf8mb4_unicode_ci;

--
-- Dumping data for table `migrations`
--

INSERT INTO `migrations` (`id`, `migration`, `batch`) VALUES
(1, '2014_10_12_000000_create_users_table', 1),
(2, '2014_10_12_100000_create_password_reset_tokens_table', 1),
(3, '2019_12_14_000001_create_personal_access_tokens_table', 1),
(4, '2023_12_30_075547_create_drivers_table', 1),
(5, '2023_12_30_075651_create_kendaraans_table', 1),
(6, '2023_12_30_075711_create_servis_table', 1),
(7, '2023_12_30_092643_create_pemesanans_table', 1),
(8, '2024_01_05_215829_create_jabatans_table', 1);

-- --------------------------------------------------------

--
-- Table structure for table `password_reset_tokens`
--

CREATE TABLE `password_reset_tokens` (
  `email` varchar(255) NOT NULL,
  `token` varchar(255) NOT NULL,
  `created_at` timestamp NULL DEFAULT NULL
) ENGINE=InnoDB DEFAULT CHARSET=utf8mb4 COLLATE=utf8mb4_unicode_ci;

-- --------------------------------------------------------

--
-- Table structure for table `pemesanans`
--

CREATE TABLE `pemesanans` (
  `id` bigint(20) UNSIGNED NOT NULL,
  `id_driver` bigint(20) UNSIGNED NOT NULL,
  `id_kendaraan` bigint(20) UNSIGNED NOT NULL,
  `keperluan` varchar(255) NOT NULL,
  `waktu_penggunaan` datetime NOT NULL,
  `waktu_pengembalian` datetime DEFAULT NULL,
  `penyetuju1` bigint(20) UNSIGNED NOT NULL,
  `status_persetujuan1` tinyint(4) NOT NULL DEFAULT 0,
  `penyetuju2` bigint(20) UNSIGNED NOT NULL,
  `status_persetujuan2` tinyint(4) NOT NULL DEFAULT 0,
  `km_awal` bigint(20) NOT NULL,
  `km_akhir` bigint(20) DEFAULT NULL,
  `bbm` bigint(20) DEFAULT NULL,
  `konsumsi_bbm` bigint(20) DEFAULT NULL,
  `id_user` bigint(20) UNSIGNED NOT NULL,
  `status_pemesanan` tinyint(4) NOT NULL DEFAULT 0,
  `created_at` timestamp NULL DEFAULT NULL,
  `updated_at` timestamp NULL DEFAULT NULL
) ENGINE=InnoDB DEFAULT CHARSET=utf8mb4 COLLATE=utf8mb4_unicode_ci;

--
-- Dumping data for table `pemesanans`
--

INSERT INTO `pemesanans` (`id`, `id_driver`, `id_kendaraan`, `keperluan`, `waktu_penggunaan`, `waktu_pengembalian`, `penyetuju1`, `status_persetujuan1`, `penyetuju2`, `status_persetujuan2`, `km_awal`, `km_akhir`, `bbm`, `konsumsi_bbm`, `id_user`, `status_pemesanan`, `created_at`, `updated_at`) VALUES
(1, 480, 1, 'Menganangkut Padi', '2024-01-17 01:48:09', '2024-01-20 12:06:01', 13, 1, 11, 1, 34000, NULL, NULL, NULL, 12, 2, '2024-01-06 07:48:18', '2024-01-07 13:02:21'),
(2, 11, 2, 'Menganangkut Padi', '2024-01-01 04:31:02', '2024-01-03 12:52:56', 11, 1, 15, 1, 34000, NULL, NULL, NULL, 12, 2, '2024-01-07 02:58:32', '2024-01-07 03:11:57'),
(3, 100, 1, 'Menganangkut Padi', '2024-01-01 04:31:02', NULL, 13, 1, 15, 1, 34000, NULL, NULL, NULL, 12, 2, '2024-01-08 06:40:37', '2024-01-08 06:40:37'),
(4, 465, 3, 'Menganangkut Padi', '2024-01-16 12:07:34', NULL, 13, 1, 13, 1, 34000, NULL, NULL, NULL, 12, 2, '2024-01-08 06:40:48', '2024-01-08 06:42:05'),
(5, 236, 2, 'Menganangkut Padi', '2024-01-16 12:07:34', NULL, 13, 1, 11, 1, 34000, NULL, NULL, NULL, 12, 2, '2024-01-08 07:33:51', '2024-01-08 07:33:51');

-- --------------------------------------------------------

--
-- Table structure for table `personal_access_tokens`
--

CREATE TABLE `personal_access_tokens` (
  `id` bigint(20) UNSIGNED NOT NULL,
  `tokenable_type` varchar(255) NOT NULL,
  `tokenable_id` bigint(20) UNSIGNED NOT NULL,
  `name` varchar(255) NOT NULL,
  `token` varchar(64) NOT NULL,
  `abilities` text DEFAULT NULL,
  `last_used_at` timestamp NULL DEFAULT NULL,
  `expires_at` timestamp NULL DEFAULT NULL,
  `created_at` timestamp NULL DEFAULT NULL,
  `updated_at` timestamp NULL DEFAULT NULL
) ENGINE=InnoDB DEFAULT CHARSET=utf8mb4 COLLATE=utf8mb4_unicode_ci;

-- --------------------------------------------------------

--
-- Table structure for table `servis`
--

CREATE TABLE `servis` (
  `id` bigint(20) UNSIGNED NOT NULL,
  `tempat_servis` varchar(255) NOT NULL,
  `tanggal_servis` datetime NOT NULL,
  `list_servis` varchar(255) NOT NULL,
  `total_biaya_servis` bigint(20) NOT NULL,
  `id_kendaraan` bigint(20) UNSIGNED NOT NULL,
  `km_servis_terakhir` bigint(20) NOT NULL,
  `km_servis_selanjutnya` bigint(20) NOT NULL,
  `created_at` timestamp NULL DEFAULT NULL,
  `updated_at` timestamp NULL DEFAULT NULL
) ENGINE=InnoDB DEFAULT CHARSET=utf8mb4 COLLATE=utf8mb4_unicode_ci;

-- --------------------------------------------------------

--
-- Table structure for table `users`
--

CREATE TABLE `users` (
  `id` bigint(20) UNSIGNED NOT NULL,
  `nama_user` varchar(255) NOT NULL,
  `email` varchar(255) NOT NULL,
  `password` varchar(255) NOT NULL,
  `level` bigint(20) UNSIGNED NOT NULL DEFAULT 1,
  `id_jabatan` bigint(20) UNSIGNED DEFAULT NULL,
  `remember_token` varchar(100) DEFAULT NULL,
  `created_at` timestamp NULL DEFAULT NULL,
  `updated_at` timestamp NULL DEFAULT NULL
) ENGINE=InnoDB DEFAULT CHARSET=utf8mb4 COLLATE=utf8mb4_unicode_ci;

--
-- Dumping data for table `users`
--

INSERT INTO `users` (`id`, `nama_user`, `email`, `password`, `level`, `id_jabatan`, `remember_token`, `created_at`, `updated_at`) VALUES
(11, 'Todo', 'todo@gmail.com', '$2y$12$hmlprcbaw0i6ajbTooRH/OSKcV4L0o6b5QNVavZJzMRnOd0C.zOXO', 1, 2, NULL, '2024-01-06 03:48:36', '2024-01-06 04:05:29'),
(12, 'Gojo Satoru', 'gojo@gmail.com', '$2y$12$7Nx2uLnyrpbWCBNS/DVnde3EP7oMnxz4ULzEYGitPy62kJqpCM6W.', 2, 3, NULL, '2024-01-06 03:48:53', '2024-01-06 04:13:56'),
(13, 'Yuji Itadori', 'yuji@gmail.com', '$2y$12$GOHmWJOrkguuZuD.Tb5Nveo7lAJt/Au0s1orlLaSSjcgnWXbOyGS2', 1, 1, NULL, '2024-01-06 03:49:05', '2024-01-06 04:05:33'),
(15, 'Andre', 'andre@gmail.com', '$2y$12$OI42.AnT8MEz03DZ42NR.eQmx7pd3bsddRtPBhtRAzngEL.Ba/5yW', 1, 3, NULL, '2024-01-06 04:11:42', '2024-01-06 07:31:15');

--
-- Indexes for dumped tables
--

--
-- Indexes for table `drivers`
--
ALTER TABLE `drivers`
  ADD PRIMARY KEY (`id`);

--
-- Indexes for table `jabatans`
--
ALTER TABLE `jabatans`
  ADD PRIMARY KEY (`id`);

--
-- Indexes for table `kendaraans`
--
ALTER TABLE `kendaraans`
  ADD PRIMARY KEY (`id`);

--
-- Indexes for table `migrations`
--
ALTER TABLE `migrations`
  ADD PRIMARY KEY (`id`);

--
-- Indexes for table `password_reset_tokens`
--
ALTER TABLE `password_reset_tokens`
  ADD PRIMARY KEY (`email`);

--
-- Indexes for table `pemesanans`
--
ALTER TABLE `pemesanans`
  ADD PRIMARY KEY (`id`);

--
-- Indexes for table `personal_access_tokens`
--
ALTER TABLE `personal_access_tokens`
  ADD PRIMARY KEY (`id`),
  ADD UNIQUE KEY `personal_access_tokens_token_unique` (`token`),
  ADD KEY `personal_access_tokens_tokenable_type_tokenable_id_index` (`tokenable_type`,`tokenable_id`);

--
-- Indexes for table `servis`
--
ALTER TABLE `servis`
  ADD PRIMARY KEY (`id`);

--
-- Indexes for table `users`
--
ALTER TABLE `users`
  ADD PRIMARY KEY (`id`),
  ADD UNIQUE KEY `users_email_unique` (`email`);

--
-- AUTO_INCREMENT for dumped tables
--

--
-- AUTO_INCREMENT for table `drivers`
--
ALTER TABLE `drivers`
  MODIFY `id` bigint(20) UNSIGNED NOT NULL AUTO_INCREMENT, AUTO_INCREMENT=501;

--
-- AUTO_INCREMENT for table `jabatans`
--
ALTER TABLE `jabatans`
  MODIFY `id` bigint(20) UNSIGNED NOT NULL AUTO_INCREMENT, AUTO_INCREMENT=4;

--
-- AUTO_INCREMENT for table `kendaraans`
--
ALTER TABLE `kendaraans`
  MODIFY `id` bigint(20) UNSIGNED NOT NULL AUTO_INCREMENT, AUTO_INCREMENT=4;

--
-- AUTO_INCREMENT for table `migrations`
--
ALTER TABLE `migrations`
  MODIFY `id` int(10) UNSIGNED NOT NULL AUTO_INCREMENT, AUTO_INCREMENT=9;

--
-- AUTO_INCREMENT for table `pemesanans`
--
ALTER TABLE `pemesanans`
  MODIFY `id` bigint(20) UNSIGNED NOT NULL AUTO_INCREMENT, AUTO_INCREMENT=6;

--
-- AUTO_INCREMENT for table `personal_access_tokens`
--
ALTER TABLE `personal_access_tokens`
  MODIFY `id` bigint(20) UNSIGNED NOT NULL AUTO_INCREMENT;

--
-- AUTO_INCREMENT for table `servis`
--
ALTER TABLE `servis`
  MODIFY `id` bigint(20) UNSIGNED NOT NULL AUTO_INCREMENT;

--
-- AUTO_INCREMENT for table `users`
--
ALTER TABLE `users`
  MODIFY `id` bigint(20) UNSIGNED NOT NULL AUTO_INCREMENT, AUTO_INCREMENT=16;
COMMIT;

/*!40101 SET CHARACTER_SET_CLIENT=@OLD_CHARACTER_SET_CLIENT */;
/*!40101 SET CHARACTER_SET_RESULTS=@OLD_CHARACTER_SET_RESULTS */;
/*!40101 SET COLLATION_CONNECTION=@OLD_COLLATION_CONNECTION */;
